patient_id,target,ml_probability,ml_prediction,rule_state,agreement,confidence,confidence_label,n_evidence_for,n_evidence_against,n_unknown_evidence,recommended_next_tests,fired_rules
P000001,folate_deficiency,0.1302430452469931,0,supports,conflict_ml_negative_rule_supports,0.64,low,1,0,0,,FOLATE_LOW
P000014,iron_deficiency,0.0001842220613067,0,supports,conflict_ml_negative_rule_supports,0.64,low,2,2,1,Ret_He|sTfR,IRON_MULTIPLE_SUPPORT
P000018,inflammation_anemia,0.0026992756684244,0,supports,conflict_ml_negative_rule_supports,0.64,low,3,0,1,,INFLAMMATION_PATTERN_SUPPORT
P000020,inflammation_anemia,4.23458251387524e-05,0,supports,conflict_ml_negative_rule_supports,0.64,low,3,0,1,sTfR,INFLAMMATION_PATTERN_SUPPORT
P000039,iron_deficiency,0.0036725881206492,0,supports,conflict_ml_negative_rule_supports,0.64,low,3,1,1,sTfR|CRP,IRON_MULTIPLE_SUPPORT
P000044,inflammation_anemia,5.406455900433686e-05,0,supports,conflict_ml_negative_rule_supports,0.64,low,3,0,1,sTfR,INFLAMMATION_PATTERN_SUPPORT
P000046,inflammation_anemia,0.0001717688373952,0,supports,conflict_ml_negative_rule_supports,0.64,low,3,0,1,,INFLAMMATION_PATTERN_SUPPORT
P000048,iron_deficiency,0.0114256957790451,0,supports,conflict_ml_negative_rule_supports,0.64,low,2,0,3,ferritin|Ret_He|sTfR,IRON_MULTIPLE_SUPPORT
P000069,iron_deficiency,8.515009719059337e-05,0,supports,conflict_ml_negative_rule_supports,0.64,low,3,1,1,sTfR,IRON_MULTIPLE_SUPPORT
P000079,folate_deficiency,0.1524390064844588,0,supports,conflict_ml_negative_rule_supports,0.64,low,1,0,0,homocysteine,FOLATE_LOW
P000091,iron_deficiency,0.0230957326696294,0,supports,conflict_ml_negative_rule_supports,0.64,low,2,2,1,Ret_He|sTfR,IRON_MULTIPLE_SUPPORT
P000102,iron_deficiency,0.0005383685840412,0,supports,conflict_ml_negative_rule_supports,0.64,low,3,1,1,CRP,IRON_MULTIPLE_SUPPORT
P000102,inflammation_anemia,0.0412225150805364,0,supports,conflict_ml_negative_rule_supports,0.64,low,3,0,1,CRP,INFLAMMATION_PATTERN_SUPPORT
P000119,iron_deficiency,2.2346538619756536e-05,0,supports,conflict_ml_negative_rule_supports,0.64,low,3,2,0,,IRON_MULTIPLE_SUPPORT
P000128,iron_deficiency,0.006402454224947,0,supports,conflict_ml_negative_rule_supports,0.64,low,3,1,1,sTfR|CRP,IRON_MULTIPLE_SUPPORT
P000130,inflammation_anemia,0.0004463008913136,0,supports,conflict_ml_negative_rule_supports,0.64,low,3,0,1,CRP|sTfR,INFLAMMATION_PATTERN_SUPPORT
P000131,iron_deficiency,0.0010575963966056,0,supports,conflict_ml_negative_rule_supports,0.64,low,3,1,1,sTfR,IRON_MULTIPLE_SUPPORT
P000139,iron_deficiency,0.0001324896870478,0,supports,conflict_ml_negative_rule_supports,0.64,low,2,1,2,Ret_He,IRON_MULTIPLE_SUPPORT
P000139,folate_deficiency,0.0509843154026246,0,supports,conflict_ml_negative_rule_supports,0.64,low,1,0,0,vitamin_B12,FOLATE_LOW
P000144,inflammation_anemia,0.0004948003927103,0,supports,conflict_ml_negative_rule_supports,0.64,low,3,0,1,,INFLAMMATION_PATTERN_SUPPORT
P000153,iron_deficiency,0.0025282389209349,0,supports,conflict_ml_negative_rule_supports,0.64,low,2,0,3,ferritin|Ret_He|sTfR,IRON_MULTIPLE_SUPPORT
P000158,iron_deficiency,0.0001481837531946,0,supports,conflict_ml_negative_rule_supports,0.64,low,2,1,2,Ret_He,IRON_MULTIPLE_SUPPORT
P000169,iron_deficiency,0.0007874240049265,0,supports,conflict_ml_negative_rule_supports,0.64,low,2,1,2,Ret_He,IRON_MULTIPLE_SUPPORT
P000173,folate_deficiency,0.3069663021256037,0,supports,conflict_ml_negative_rule_supports,0.64,low,1,0,0,vitamin_B12,FOLATE_LOW
P000175,iron_deficiency,0.0013344231808955,0,supports,conflict_ml_negative_rule_supports,0.64,low,2,2,1,Ret_He|sTfR,IRON_MULTIPLE_SUPPORT
P000179,inflammation_anemia,1.5038936414318068e-05,0,supports,conflict_ml_negative_rule_supports,0.64,low,2,0,2,ferritin|sTfR,INFLAMMATION_PATTERN_SUPPORT
P000185,iron_deficiency,0.000417165824562,0,supports,conflict_ml_negative_rule_supports,0.64,low,2,1,2,Ret_He|sTfR,IRON_MULTIPLE_SUPPORT
P000199,inflammation_anemia,0.0017729256227262,0,supports,conflict_ml_negative_rule_supports,0.64,low,3,0,1,CRP|sTfR,INFLAMMATION_PATTERN_SUPPORT
P000215,inflammation_anemia,0.0001135764661407,0,supports,conflict_ml_negative_rule_supports,0.64,low,3,0,1,sTfR,INFLAMMATION_PATTERN_SUPPORT
P000224,iron_deficiency,0.0042228638180906,0,supports,conflict_ml_negative_rule_supports,0.64,low,2,1,2,Ret_He|sTfR,IRON_MULTIPLE_SUPPORT
P000225,folate_deficiency,0.289901293817319,0,supports,conflict_ml_negative_rule_supports,0.64,low,1,0,0,homocysteine,FOLATE_LOW
P000230,iron_deficiency,0.0005260035549046,0,supports,conflict_ml_negative_rule_supports,0.64,low,2,1,2,Ret_He,IRON_MULTIPLE_SUPPORT
P000234,folate_deficiency,0.3828020922219602,0,supports,conflict_ml_negative_rule_supports,0.6171979077780398,low,1,0,0,vitamin_B12|homocysteine,FOLATE_LOW
P000238,iron_deficiency,0.9997094217269578,1,against,conflict_ml_positive_rule_against,0.64,low,0,3,2,Ret_He,IRON_MULTIPLE_AGAINST
P000239,inflammation_anemia,0.000243818879181,0,supports,conflict_ml_negative_rule_supports,0.64,low,3,0,1,sTfR,INFLAMMATION_PATTERN_SUPPORT
P000240,folate_deficiency,0.3185734392199474,0,supports,conflict_ml_negative_rule_supports,0.64,low,1,0,0,vitamin_B12|homocysteine,FOLATE_LOW
P000241,inflammation_anemia,6.20696293379268e-05,0,supports,conflict_ml_negative_rule_supports,0.64,low,3,0,1,CRP|sTfR,INFLAMMATION_PATTERN_SUPPORT
P000246,iron_deficiency,0.0007384846063966,0,supports,conflict_ml_negative_rule_supports,0.64,low,2,2,1,Ret_He|sTfR|CRP,IRON_MULTIPLE_SUPPORT
P000251,folate_deficiency,0.2401909935650688,0,supports,conflict_ml_negative_rule_supports,0.64,low,1,0,0,homocysteine,FOLATE_LOW
P000271,iron_deficiency,0.000733196608127,0,supports,conflict_ml_negative_rule_supports,0.64,low,2,1,2,Ret_He|sTfR|CRP,IRON_MULTIPLE_SUPPORT
P000275,inflammation_anemia,0.0137175564633574,0,supports,conflict_ml_negative_rule_supports,0.64,low,3,0,1,sTfR,INFLAMMATION_PATTERN_SUPPORT
P000301,folate_deficiency,0.0861299136207165,0,supports,conflict_ml_negative_rule_supports,0.64,low,1,0,0,vitamin_B12,FOLATE_LOW
P000312,inflammation_anemia,0.002925930432619,0,supports,conflict_ml_negative_rule_supports,0.64,low,3,0,1,sTfR,INFLAMMATION_PATTERN_SUPPORT
P000315,iron_deficiency,0.0593726072905305,0,supports,conflict_ml_negative_rule_supports,0.64,low,2,0,3,ferritin|Ret_He,IRON_MULTIPLE_SUPPORT
P000320,folate_deficiency,0.4140008130131504,0,supports,conflict_ml_negative_rule_supports,0.5859991869868496,low,1,0,0,homocysteine,FOLATE_LOW
P000323,inflammation_anemia,0.001051425091012,0,supports,conflict_ml_negative_rule_supports,0.64,low,3,0,1,sTfR,INFLAMMATION_PATTERN_SUPPORT
P000331,iron_deficiency,0.1038163255244347,0,supports,conflict_ml_negative_rule_supports,0.64,low,2,0,3,ferritin|Ret_He,IRON_MULTIPLE_SUPPORT
P000333,inflammation_anemia,9.371526602211976e-06,0,supports,conflict_ml_negative_rule_supports,0.64,low,3,0,1,sTfR,INFLAMMATION_PATTERN_SUPPORT
P000338,inflammation_anemia,0.000520960888728,0,supports,conflict_ml_negative_rule_supports,0.64,low,3,0,1,CRP,INFLAMMATION_PATTERN_SUPPORT
P000347,iron_deficiency,0.0036163026418359,0,supports,conflict_ml_negative_rule_supports,0.64,low,2,1,2,Ret_He|sTfR,IRON_MULTIPLE_SUPPORT
P000347,inflammation_anemia,0.0165349678758495,0,supports,conflict_ml_negative_rule_supports,0.64,low,3,0,1,sTfR,INFLAMMATION_PATTERN_SUPPORT
P000351,iron_deficiency,0.0014977773482249,0,supports,conflict_ml_negative_rule_supports,0.64,low,2,2,1,Ret_He|sTfR,IRON_MULTIPLE_SUPPORT
P000353,iron_deficiency,0.0009024021403208,0,supports,conflict_ml_negative_rule_supports,0.64,low,2,1,2,Ret_He|sTfR,IRON_MULTIPLE_SUPPORT
P000375,iron_deficiency,0.0014851891309358,0,supports,conflict_ml_negative_rule_supports,0.64,low,2,1,2,Ret_He|sTfR,IRON_MULTIPLE_SUPPORT
P000378,iron_deficiency,0.0047455916912749,0,supports,conflict_ml_negative_rule_supports,0.64,low,2,1,2,ferritin|Ret_He,IRON_MULTIPLE_SUPPORT
P000379,iron_deficiency,0.000472081790384,0,supports,conflict_ml_negative_rule_supports,0.64,low,2,1,2,Ret_He|sTfR,IRON_MULTIPLE_SUPPORT
P000380,inflammation_anemia,0.239998804262866,1,against,conflict_ml_positive_rule_against,0.239998804262866,low,0,1,0,CRP|sTfR,INFLAMMATION_NO_ANEMIA
P000382,inflammation_anemia,0.0010852746821488,0,supports,conflict_ml_negative_rule_supports,0.64,low,2,0,2,CRP|ferritin,INFLAMMATION_PATTERN_SUPPORT
P000385,iron_deficiency,0.1361605742155081,0,supports,conflict_ml_negative_rule_supports,0.64,low,2,1,2,Ret_He|sTfR,IRON_MULTIPLE_SUPPORT
P000385,inflammation_anemia,0.0910520766720598,0,supports,conflict_ml_negative_rule_supports,0.64,low,3,0,1,sTfR,INFLAMMATION_PATTERN_SUPPORT
P000396,iron_deficiency,0.0003590227231478,0,supports,conflict_ml_negative_rule_supports,0.64,low,2,2,1,Ret_He,IRON_MULTIPLE_SUPPORT
P000416,iron_deficiency,0.0020231560299153,0,supports,conflict_ml_negative_rule_supports,0.64,low,3,1,1,sTfR,IRON_MULTIPLE_SUPPORT
P000417,inflammation_anemia,0.1713930227554694,0,supports,conflict_ml_negative_rule_supports,0.64,low,3,0,1,,INFLAMMATION_PATTERN_SUPPORT
P000424,inflammation_anemia,0.0001443679360135,0,supports,conflict_ml_negative_rule_supports,0.64,low,3,0,1,,INFLAMMATION_PATTERN_SUPPORT
P000425,inflammation_anemia,2.5896219894340262e-05,0,supports,conflict_ml_negative_rule_supports,0.64,low,3,0,1,sTfR,INFLAMMATION_PATTERN_SUPPORT
P000431,iron_deficiency,0.0004103438076129,0,supports,conflict_ml_negative_rule_supports,0.64,low,3,1,1,sTfR|CRP,IRON_MULTIPLE_SUPPORT
P000437,iron_deficiency,0.0090882008556394,0,supports,conflict_ml_negative_rule_supports,0.64,low,2,0,3,ferritin|Ret_He|sTfR,IRON_MULTIPLE_SUPPORT
P000444,inflammation_anemia,0.0025449122422947,0,supports,conflict_ml_negative_rule_supports,0.64,low,3,0,1,CRP|sTfR,INFLAMMATION_PATTERN_SUPPORT
P000450,inflammation_anemia,0.0001938765924413,0,supports,conflict_ml_negative_rule_supports,0.64,low,3,0,1,sTfR,INFLAMMATION_PATTERN_SUPPORT
P000453,inflammation_anemia,5.36517853355162e-05,0,supports,conflict_ml_negative_rule_supports,0.64,low,2,0,2,CRP|ferritin|sTfR,INFLAMMATION_PATTERN_SUPPORT
P000455,folate_deficiency,0.4590758517968355,0,supports,conflict_ml_negative_rule_supports,0.5409241482031645,low,1,0,0,vitamin_B12|homocysteine,FOLATE_LOW
P000471,iron_deficiency,0.0002935125699856,0,supports,conflict_ml_negative_rule_supports,0.64,low,3,2,0,,IRON_MULTIPLE_SUPPORT
P000489,folate_deficiency,0.2367978254945088,0,supports,conflict_ml_negative_rule_supports,0.64,low,1,0,0,homocysteine,FOLATE_LOW
P000499,inflammation_anemia,0.0001239687883936,0,supports,conflict_ml_negative_rule_supports,0.64,low,3,0,1,CRP|sTfR,INFLAMMATION_PATTERN_SUPPORT
P000502,folate_deficiency,0.3794428942766375,0,supports,conflict_ml_negative_rule_supports,0.6205571057233625,low,1,0,0,homocysteine,FOLATE_LOW
P000513,inflammation_anemia,0.0005349585819479,0,supports,conflict_ml_negative_rule_supports,0.64,low,3,0,1,sTfR,INFLAMMATION_PATTERN_SUPPORT
P000524,iron_deficiency,0.0130718487414502,0,supports,conflict_ml_negative_rule_supports,0.64,low,2,1,2,Ret_He|sTfR,IRON_MULTIPLE_SUPPORT
P000527,folate_deficiency,0.0753430406715188,0,supports,conflict_ml_negative_rule_supports,0.64,low,1,0,0,vitamin_B12|homocysteine,FOLATE_LOW
P000529,inflammation_anemia,0.0542668399938824,0,supports,conflict_ml_negative_rule_supports,0.64,low,3,0,1,CRP,INFLAMMATION_PATTERN_SUPPORT
P000533,folate_deficiency,0.2842689721688131,0,supports,conflict_ml_negative_rule_supports,0.64,low,1,0,0,homocysteine,FOLATE_LOW
P000534,iron_deficiency,0.0005892695442093,0,supports,conflict_ml_negative_rule_supports,0.64,low,3,1,1,,IRON_MULTIPLE_SUPPORT
P000540,inflammation_anemia,1.8659944144356933e-05,0,supports,conflict_ml_negative_rule_supports,0.64,low,3,0,1,,INFLAMMATION_PATTERN_SUPPORT
P000560,iron_deficiency,0.9972964331566982,1,against,conflict_ml_positive_rule_against,0.64,low,0,2,3,Ret_He|CRP,IRON_MULTIPLE_AGAINST
P000575,iron_deficiency,0.0012697276424097,0,supports,conflict_ml_negative_rule_supports,0.64,low,2,2,1,Ret_He,IRON_MULTIPLE_SUPPORT
P000590,inflammation_anemia,0.0327304089998241,0,supports,conflict_ml_negative_rule_supports,0.64,low,3,0,1,sTfR,INFLAMMATION_PATTERN_SUPPORT
P000598,folate_deficiency,0.4120729907182235,0,supports,conflict_ml_negative_rule_supports,0.5879270092817765,low,1,0,0,vitamin_B12|homocysteine,FOLATE_LOW
P000601,inflammation_anemia,0.0002132961724465,0,supports,conflict_ml_negative_rule_supports,0.64,low,2,0,2,CRP|ferritin|sTfR,INFLAMMATION_PATTERN_SUPPORT
P000602,inflammation_anemia,0.0006271637272482,0,supports,conflict_ml_negative_rule_supports,0.64,low,3,0,1,,INFLAMMATION_PATTERN_SUPPORT
P000626,folate_deficiency,0.3534227604255023,0,supports,conflict_ml_negative_rule_supports,0.64,low,1,0,0,,FOLATE_LOW
P000634,inflammation_anemia,0.0001500431019196,0,supports,conflict_ml_negative_rule_supports,0.64,low,3,0,1,sTfR,INFLAMMATION_PATTERN_SUPPORT
P000638,iron_deficiency,0.0001027238796565,0,supports,conflict_ml_negative_rule_supports,0.64,low,2,2,1,Ret_He|sTfR,IRON_MULTIPLE_SUPPORT
P000656,inflammation_anemia,9.081574546892071e-05,0,supports,conflict_ml_negative_rule_supports,0.64,low,3,0,1,sTfR,INFLAMMATION_PATTERN_SUPPORT
P000660,iron_deficiency,0.0007282184512212,0,supports,conflict_ml_negative_rule_supports,0.64,low,2,2,1,Ret_He,IRON_MULTIPLE_SUPPORT
P000678,iron_deficiency,3.622342211142249e-05,0,supports,conflict_ml_negative_rule_supports,0.64,low,3,2,0,sTfR,IRON_MULTIPLE_SUPPORT
P000686,iron_deficiency,0.99953576015102,1,against,conflict_ml_positive_rule_against,0.64,low,0,2,3,Ret_He|CRP,IRON_MULTIPLE_AGAINST
P000707,iron_deficiency,0.2080551503024099,0,supports,conflict_ml_negative_rule_supports,0.64,low,3,0,2,ferritin|sTfR,IRON_MULTIPLE_SUPPORT
P000729,iron_deficiency,0.0008918219199022,0,supports,conflict_ml_negative_rule_supports,0.64,low,3,1,1,sTfR,IRON_MULTIPLE_SUPPORT
P000737,iron_deficiency,0.0004925439140231,0,supports,conflict_ml_negative_rule_supports,0.64,low,3,1,1,CRP,IRON_MULTIPLE_SUPPORT
P000744,inflammation_anemia,0.0028368694667292,0,supports,conflict_ml_negative_rule_supports,0.64,low,3,0,1,,INFLAMMATION_PATTERN_SUPPORT
P000763,inflammation_anemia,9.64376139906532e-06,0,supports,conflict_ml_negative_rule_supports,0.64,low,3,0,1,,INFLAMMATION_PATTERN_SUPPORT
P000766,iron_deficiency,0.0001860041703026,0,supports,conflict_ml_negative_rule_supports,0.64,low,3,1,1,,IRON_MULTIPLE_SUPPORT
P000778,folate_deficiency,0.3667497379856587,0,supports,conflict_ml_negative_rule_supports,0.6332502620143413,low,1,0,0,vitamin_B12|homocysteine,FOLATE_LOW
P000781,inflammation_anemia,0.0010605150262015,0,supports,conflict_ml_negative_rule_supports,0.64,low,3,0,1,,INFLAMMATION_PATTERN_SUPPORT
P000806,iron_deficiency,0.7965483159365442,1,against,conflict_ml_positive_rule_against,0.64,low,0,3,2,Ret_He|sTfR|CRP,IRON_MULTIPLE_AGAINST
P000809,iron_deficiency,0.0023962143988117,0,supports,conflict_ml_negative_rule_supports,0.64,low,2,1,2,Ret_He,IRON_MULTIPLE_SUPPORT
P000812,inflammation_anemia,0.0002252855626026,0,supports,conflict_ml_negative_rule_supports,0.64,low,3,0,1,sTfR,INFLAMMATION_PATTERN_SUPPORT
P000826,iron_deficiency,0.0577373100608532,0,supports,conflict_ml_negative_rule_supports,0.64,low,2,1,2,ferritin|Ret_He|sTfR,IRON_MULTIPLE_SUPPORT
P000830,inflammation_anemia,7.334878551102152e-05,0,supports,conflict_ml_negative_rule_supports,0.64,low,3,0,1,CRP|sTfR,INFLAMMATION_PATTERN_SUPPORT
P000840,iron_deficiency,0.0002080992057611,0,supports,conflict_ml_negative_rule_supports,0.64,low,3,2,0,sTfR,IRON_MULTIPLE_SUPPORT
