patient_id,target,type,severity,ensemble_probability,rule_score,rule_state,message
P000001,folate_deficiency,ml_negative_rule_positive,review,0.1302430452469931,0.95,supports,"Clinical rule layer сильно поддерживает состояние, а ML-вероятность низкая."
P000013,iron_deficiency,ml_positive_rule_negative,review,0.998939396018512,0.05,against,Высокая ML-вероятность при явном clinical evidence против соответствующего состояния.
P000016,iron_deficiency,ml_positive_rule_negative,review,0.7525163246078055,0.1,against,Высокая ML-вероятность при явном clinical evidence против соответствующего состояния.
P000018,inflammation_anemia,ml_negative_rule_positive,review,0.0026992756684244,0.95,supports,"Clinical rule layer сильно поддерживает состояние, а ML-вероятность низкая."
P000020,inflammation_anemia,ml_negative_rule_positive,review,4.23458251387524e-05,0.95,supports,"Clinical rule layer сильно поддерживает состояние, а ML-вероятность низкая."
P000026,iron_deficiency,ml_positive_rule_negative,review,0.9991362931127036,0.1,against,Высокая ML-вероятность при явном clinical evidence против соответствующего состояния.
P000044,inflammation_anemia,ml_negative_rule_positive,review,5.406455900433686e-05,0.95,supports,"Clinical rule layer сильно поддерживает состояние, а ML-вероятность низкая."
P000046,inflammation_anemia,ml_negative_rule_positive,review,0.0001717688373952,0.95,supports,"Clinical rule layer сильно поддерживает состояние, а ML-вероятность низкая."
P000048,iron_deficiency,ml_negative_rule_positive,review,0.0114256957790451,0.7500000000000001,supports,"Clinical rule layer сильно поддерживает состояние, а ML-вероятность низкая."
P000079,folate_deficiency,ml_negative_rule_positive,review,0.1524390064844588,0.95,supports,"Clinical rule layer сильно поддерживает состояние, а ML-вероятность низкая."
P000099,iron_deficiency,ml_positive_rule_negative,review,0.9850840607796126,0.05,against,Высокая ML-вероятность при явном clinical evidence против соответствующего состояния.
P000102,inflammation_anemia,ml_negative_rule_positive,review,0.0412225150805364,0.95,supports,"Clinical rule layer сильно поддерживает состояние, а ML-вероятность низкая."
P000130,inflammation_anemia,ml_negative_rule_positive,review,0.0004463008913136,0.95,supports,"Clinical rule layer сильно поддерживает состояние, а ML-вероятность низкая."
P000139,folate_deficiency,ml_negative_rule_positive,review,0.0509843154026246,0.95,supports,"Clinical rule layer сильно поддерживает состояние, а ML-вероятность низкая."
P000144,inflammation_anemia,ml_negative_rule_positive,review,0.0004948003927103,0.95,supports,"Clinical rule layer сильно поддерживает состояние, а ML-вероятность низкая."
P000153,iron_deficiency,ml_negative_rule_positive,review,0.0025282389209349,0.7500000000000001,supports,"Clinical rule layer сильно поддерживает состояние, а ML-вероятность низкая."
P000166,iron_deficiency,ml_negative_rule_positive,review,0.009859102543986,0.9500000000000001,supports,"Clinical rule layer сильно поддерживает состояние, а ML-вероятность низкая."
P000179,inflammation_anemia,ml_negative_rule_positive,review,1.5038936414318068e-05,0.8,supports,"Clinical rule layer сильно поддерживает состояние, а ML-вероятность низкая."
P000192,iron_deficiency,ml_positive_rule_negative,review,0.9997918672955796,0.1,against,Высокая ML-вероятность при явном clinical evidence против соответствующего состояния.
P000199,inflammation_anemia,ml_negative_rule_positive,review,0.0017729256227262,0.95,supports,"Clinical rule layer сильно поддерживает состояние, а ML-вероятность низкая."
P000215,inflammation_anemia,ml_negative_rule_positive,review,0.0001135764661407,0.95,supports,"Clinical rule layer сильно поддерживает состояние, а ML-вероятность низкая."
P000216,iron_deficiency,ml_positive_rule_negative,review,0.9461423351483382,0.05,against,Высокая ML-вероятность при явном clinical evidence против соответствующего состояния.
P000238,iron_deficiency,ml_positive_rule_negative,review,0.9997094217269578,0.05,against,Высокая ML-вероятность при явном clinical evidence против соответствующего состояния.
P000239,inflammation_anemia,ml_negative_rule_positive,review,0.000243818879181,0.95,supports,"Clinical rule layer сильно поддерживает состояние, а ML-вероятность низкая."
P000241,inflammation_anemia,ml_negative_rule_positive,review,6.20696293379268e-05,0.95,supports,"Clinical rule layer сильно поддерживает состояние, а ML-вероятность низкая."
P000251,folate_deficiency,ml_negative_rule_positive,review,0.2401909935650688,0.95,supports,"Clinical rule layer сильно поддерживает состояние, а ML-вероятность низкая."
P000275,inflammation_anemia,ml_negative_rule_positive,review,0.0137175564633574,0.95,supports,"Clinical rule layer сильно поддерживает состояние, а ML-вероятность низкая."
P000301,folate_deficiency,ml_negative_rule_positive,review,0.0861299136207165,0.95,supports,"Clinical rule layer сильно поддерживает состояние, а ML-вероятность низкая."
P000302,iron_deficiency,ml_positive_rule_negative,review,0.8157302955054807,0.1,against,Высокая ML-вероятность при явном clinical evidence против соответствующего состояния.
P000312,inflammation_anemia,ml_negative_rule_positive,review,0.002925930432619,0.95,supports,"Clinical rule layer сильно поддерживает состояние, а ML-вероятность низкая."
P000315,iron_deficiency,ml_negative_rule_positive,review,0.0593726072905305,0.7500000000000001,supports,"Clinical rule layer сильно поддерживает состояние, а ML-вероятность низкая."
P000323,inflammation_anemia,ml_negative_rule_positive,review,0.001051425091012,0.95,supports,"Clinical rule layer сильно поддерживает состояние, а ML-вероятность низкая."
P000331,iron_deficiency,ml_negative_rule_positive,review,0.1038163255244347,0.7500000000000001,supports,"Clinical rule layer сильно поддерживает состояние, а ML-вероятность низкая."
P000333,inflammation_anemia,ml_negative_rule_positive,review,9.371526602211976e-06,0.95,supports,"Clinical rule layer сильно поддерживает состояние, а ML-вероятность низкая."
P000338,inflammation_anemia,ml_negative_rule_positive,review,0.000520960888728,0.95,supports,"Clinical rule layer сильно поддерживает состояние, а ML-вероятность низкая."
P000339,iron_deficiency,ml_positive_rule_negative,review,0.9607916409488728,0.1,against,Высокая ML-вероятность при явном clinical evidence против соответствующего состояния.
P000347,inflammation_anemia,ml_negative_rule_positive,review,0.0165349678758495,0.95,supports,"Clinical rule layer сильно поддерживает состояние, а ML-вероятность низкая."
P000378,iron_deficiency,ml_negative_rule_positive,review,0.0047455916912749,0.7500000000000001,supports,"Clinical rule layer сильно поддерживает состояние, а ML-вероятность низкая."
P000382,inflammation_anemia,ml_negative_rule_positive,review,0.0010852746821488,0.8,supports,"Clinical rule layer сильно поддерживает состояние, а ML-вероятность низкая."
P000385,inflammation_anemia,ml_negative_rule_positive,review,0.0910520766720598,0.95,supports,"Clinical rule layer сильно поддерживает состояние, а ML-вероятность низкая."
P000417,inflammation_anemia,ml_negative_rule_positive,review,0.1713930227554694,0.95,supports,"Clinical rule layer сильно поддерживает состояние, а ML-вероятность низкая."
P000424,inflammation_anemia,ml_negative_rule_positive,review,0.0001443679360135,0.95,supports,"Clinical rule layer сильно поддерживает состояние, а ML-вероятность низкая."
P000425,inflammation_anemia,ml_negative_rule_positive,review,2.5896219894340262e-05,0.95,supports,"Clinical rule layer сильно поддерживает состояние, а ML-вероятность низкая."
P000437,iron_deficiency,ml_negative_rule_positive,review,0.0090882008556394,0.7500000000000001,supports,"Clinical rule layer сильно поддерживает состояние, а ML-вероятность низкая."
P000444,inflammation_anemia,ml_negative_rule_positive,review,0.0025449122422947,0.95,supports,"Clinical rule layer сильно поддерживает состояние, а ML-вероятность низкая."
P000450,inflammation_anemia,ml_negative_rule_positive,review,0.0001938765924413,0.95,supports,"Clinical rule layer сильно поддерживает состояние, а ML-вероятность низкая."
P000453,inflammation_anemia,ml_negative_rule_positive,review,5.36517853355162e-05,0.8,supports,"Clinical rule layer сильно поддерживает состояние, а ML-вероятность низкая."
P000468,iron_deficiency,ml_positive_rule_negative,review,0.9989289126496036,0.05,against,Высокая ML-вероятность при явном clinical evidence против соответствующего состояния.
P000489,folate_deficiency,ml_negative_rule_positive,review,0.2367978254945088,0.95,supports,"Clinical rule layer сильно поддерживает состояние, а ML-вероятность низкая."
P000490,iron_deficiency,ml_positive_rule_negative,review,0.9998001007012745,0.1,against,Высокая ML-вероятность при явном clinical evidence против соответствующего состояния.
P000499,inflammation_anemia,ml_negative_rule_positive,review,0.0001239687883936,0.95,supports,"Clinical rule layer сильно поддерживает состояние, а ML-вероятность низкая."
P000513,inflammation_anemia,ml_negative_rule_positive,review,0.0005349585819479,0.95,supports,"Clinical rule layer сильно поддерживает состояние, а ML-вероятность низкая."
P000527,folate_deficiency,ml_negative_rule_positive,review,0.0753430406715188,0.95,supports,"Clinical rule layer сильно поддерживает состояние, а ML-вероятность низкая."
P000529,inflammation_anemia,ml_negative_rule_positive,review,0.0542668399938824,0.95,supports,"Clinical rule layer сильно поддерживает состояние, а ML-вероятность низкая."
P000535,iron_deficiency,ml_positive_rule_negative,review,0.8575511746784533,0.05,against,Высокая ML-вероятность при явном clinical evidence против соответствующего состояния.
P000537,iron_deficiency,ml_negative_rule_positive,review,0.0228624216485082,0.9500000000000001,supports,"Clinical rule layer сильно поддерживает состояние, а ML-вероятность низкая."
P000540,inflammation_anemia,ml_negative_rule_positive,review,1.8659944144356933e-05,0.95,supports,"Clinical rule layer сильно поддерживает состояние, а ML-вероятность низкая."
P000542,iron_deficiency,ml_positive_rule_negative,review,0.9937516906303864,0.1,against,Высокая ML-вероятность при явном clinical evidence против соответствующего состояния.
P000560,iron_deficiency,ml_positive_rule_negative,review,0.9972964331566982,0.1,against,Высокая ML-вероятность при явном clinical evidence против соответствующего состояния.
P000590,inflammation_anemia,ml_negative_rule_positive,review,0.0327304089998241,0.95,supports,"Clinical rule layer сильно поддерживает состояние, а ML-вероятность низкая."
P000601,inflammation_anemia,ml_negative_rule_positive,review,0.0002132961724465,0.8,supports,"Clinical rule layer сильно поддерживает состояние, а ML-вероятность низкая."
P000602,inflammation_anemia,ml_negative_rule_positive,review,0.0006271637272482,0.95,supports,"Clinical rule layer сильно поддерживает состояние, а ML-вероятность низкая."
P000634,inflammation_anemia,ml_negative_rule_positive,review,0.0001500431019196,0.95,supports,"Clinical rule layer сильно поддерживает состояние, а ML-вероятность низкая."
P000642,iron_deficiency,ml_negative_rule_positive,review,0.0077813006955669,0.9500000000000001,supports,"Clinical rule layer сильно поддерживает состояние, а ML-вероятность низкая."
P000656,inflammation_anemia,ml_negative_rule_positive,review,9.081574546892071e-05,0.95,supports,"Clinical rule layer сильно поддерживает состояние, а ML-вероятность низкая."
P000674,iron_deficiency,ml_negative_rule_positive,review,0.0039700164327961,0.9500000000000001,supports,"Clinical rule layer сильно поддерживает состояние, а ML-вероятность низкая."
P000676,iron_deficiency,ml_positive_rule_negative,review,0.9904607143042268,0.1,against,Высокая ML-вероятность при явном clinical evidence против соответствующего состояния.
P000686,iron_deficiency,ml_positive_rule_negative,review,0.99953576015102,0.1,against,Высокая ML-вероятность при явном clinical evidence против соответствующего состояния.
P000707,iron_deficiency,ml_negative_rule_positive,review,0.2080551503024099,0.8300000000000001,supports,"Clinical rule layer сильно поддерживает состояние, а ML-вероятность низкая."
P000720,iron_deficiency,ml_positive_rule_negative,review,0.9992194814341576,0.1,against,Высокая ML-вероятность при явном clinical evidence против соответствующего состояния.
P000723,iron_deficiency,ml_positive_rule_negative,review,0.977560879827034,0.1,against,Высокая ML-вероятность при явном clinical evidence против соответствующего состояния.
P000744,inflammation_anemia,ml_negative_rule_positive,review,0.0028368694667292,0.95,supports,"Clinical rule layer сильно поддерживает состояние, а ML-вероятность низкая."
P000763,inflammation_anemia,ml_negative_rule_positive,review,9.64376139906532e-06,0.95,supports,"Clinical rule layer сильно поддерживает состояние, а ML-вероятность низкая."
P000781,inflammation_anemia,ml_negative_rule_positive,review,0.0010605150262015,0.95,supports,"Clinical rule layer сильно поддерживает состояние, а ML-вероятность низкая."
P000806,iron_deficiency,ml_positive_rule_negative,review,0.7965483159365442,0.05,against,Высокая ML-вероятность при явном clinical evidence против соответствующего состояния.
P000812,inflammation_anemia,ml_negative_rule_positive,review,0.0002252855626026,0.95,supports,"Clinical rule layer сильно поддерживает состояние, а ML-вероятность низкая."
P000820,iron_deficiency,ml_positive_rule_negative,review,0.9648620992058634,0.1,against,Высокая ML-вероятность при явном clinical evidence против соответствующего состояния.
P000822,iron_deficiency,ml_positive_rule_negative,review,0.9923090867341906,0.05,against,Высокая ML-вероятность при явном clinical evidence против соответствующего состояния.
P000826,iron_deficiency,ml_negative_rule_positive,review,0.0577373100608532,0.7500000000000001,supports,"Clinical rule layer сильно поддерживает состояние, а ML-вероятность низкая."
P000830,inflammation_anemia,ml_negative_rule_positive,review,7.334878551102152e-05,0.95,supports,"Clinical rule layer сильно поддерживает состояние, а ML-вероятность низкая."
P000838,iron_deficiency,ml_positive_rule_negative,review,0.9750434929811992,0.1,against,Высокая ML-вероятность при явном clinical evidence против соответствующего состояния.
