macro_f1,balanced_accuracy,accuracy,log_loss,brier,fold,model,best_C,n_features_raw
0.925737814235701,0.9301142697881829,0.9166666666666666,0.40105593200067674,0.189082881291499,1,L1_full,0.31622776601683794,37
0.87967317784762,0.8893337942250984,0.875,0.4442431347745656,0.22105653711172352,1,L1_compact,1.0,19
0.8377320880255583,0.8427767281028151,0.8452380952380952,0.5924357518244721,0.2678109930926261,1,CatBoost_full,,37
0.8711462845509539,0.8753480517067472,0.875,0.5765081964512306,0.2579676388180805,1,CatBoost_compact,,19
0.8361595307522621,0.8547353310940268,0.8452380952380952,0.4515629639180726,0.2341741772048128,2,L1_full,1.0,37
0.7747465706490306,0.7942146142433866,0.7857142857142857,0.5708351613070961,0.2743739852811843,2,L1_compact,0.31622776601683794,19
0.806400092891007,0.813346246322589,0.8273809523809523,0.6613601796782114,0.307960666675129,2,CatBoost_full,,37
0.7942792794327881,0.8037340589930101,0.8154761904761905,0.665587998683604,0.30699067427655047,2,CatBoost_compact,,19
0.8583578273019267,0.8614050502637459,0.8511904761904762,0.420399466171143,0.21470980315040045,3,L1_full,0.31622776601683794,37
0.8435767173572052,0.8509790933703978,0.8452380952380952,0.4835902211283872,0.24221386772364573,3,L1_compact,0.31622776601683794,19
0.8322677322677322,0.8302434280695151,0.8452380952380952,0.5451732432460227,0.25490057297348234,3,CatBoost_full,,37
0.7882069583677556,0.789899704941265,0.8214285714285714,0.61395790701265,0.28864851904670874,3,CatBoost_compact,,19
0.8728957890731146,0.8760139743036163,0.875,0.3939109108141386,0.18627855486845016,4,L1_full,1.0,37
0.8444844692829759,0.8461391389939982,0.8571428571428571,0.4340939004848499,0.20305126114444438,4,L1_compact,1.0,19
0.8576601974430292,0.8582974304042078,0.8690476190476191,0.5915206898042458,0.2700233556967471,4,CatBoost_full,,37
0.8144839185071308,0.8196222167289942,0.8333333333333334,0.638989789523854,0.2992358032923942,4,CatBoost_compact,,19
0.8293412926932802,0.8296738197153798,0.8392857142857143,0.4997456938388572,0.24861701654600868,5,L1_full,0.31622776601683794,37
0.813150076455703,0.8096412645325689,0.8273809523809523,0.4989072925435455,0.24554521502027568,5,L1_compact,1.0,19
0.8168200149046098,0.8114486784883206,0.8452380952380952,0.6491700896206835,0.2950343300930038,5,CatBoost_full,,37
0.7874372253628025,0.783946048268299,0.8273809523809523,0.6647935735281573,0.3026323350891497,5,CatBoost_compact,,19
