target,model,brier,log_loss,pr_auc,roc_auc
iron_deficiency,L1_raw,0.009906419147247894,0.044469147968016674,0.9974291228648435,0.9981128526645768
iron_deficiency,L1_calibrated,0.008718944838259045,0.040174949042099,0.9971209248870867,0.9978495297805643
iron_deficiency,CatBoost_raw,0.007394494154059287,0.03158120950850018,0.998323319265487,0.9989592476489028
iron_deficiency,CatBoost_calibrated,0.007869651854368767,0.03182729259520998,0.9981188524815726,0.9988213166144201
iron_deficiency,Ensemble,0.007202840826613617,0.03306845211756079,0.9975526319322721,0.9982821316614421
B12_deficiency,L1_raw,0.01462260930877128,0.06253674151884615,0.9939598530119407,0.9978785425101214
B12_deficiency,L1_calibrated,0.012307843138917546,0.04601226879376207,0.993421491090113,0.9976761133603239
B12_deficiency,CatBoost_raw,0.01171506702389891,0.047453166675315295,0.9930136550135151,0.9975546558704453
B12_deficiency,CatBoost_calibrated,0.011667235155336035,0.04668838800880071,0.9927208177694474,0.9974008097165992
B12_deficiency,Ensemble,0.01064946525993077,0.04148233961358706,0.9946449313468017,0.9980647773279352
folate_deficiency,L1_raw,0.07007577943793697,0.23662870965299412,0.8954751081523317,0.9631834235931245
folate_deficiency,L1_calibrated,0.050546824641805106,0.17677551474595513,0.8893132555916844,0.9612338121026607
folate_deficiency,CatBoost_raw,0.05072497306321764,0.1703726621652698,0.9023556772212756,0.9661125500353192
folate_deficiency,CatBoost_calibrated,0.048962995215754784,0.16768596039431477,0.8991388291386011,0.9649352484106428
folate_deficiency,Ensemble,0.04735648722572207,0.1639058248040672,0.903076110077513,0.9666776548151637
B6_deficiency,L1_raw,0.0521065185705515,0.1925855316089254,0.8208923378858316,0.9589707187222716
B6_deficiency,L1_calibrated,0.015643991504022785,0.0651977836341844,0.8158706068108931,0.9521916592724047
B6_deficiency,CatBoost_raw,0.010691218721482982,0.046340401400422684,0.8787397034150465,0.9802307009760426
B6_deficiency,CatBoost_calibrated,0.011384990326702102,0.05280777634301044,0.8381080706025614,0.9680922803904171
B6_deficiency,Ensemble,0.011380716073880694,0.052236257236631785,0.8534480003342638,0.9590062111801241
copper_deficiency,L1_raw,0.011893332593558709,0.07556517278800176,0.9549854212965503,0.9801952085181899
copper_deficiency,L1_calibrated,0.0062127616241793955,0.04440658423363829,0.9434578477381654,0.97377107364685
copper_deficiency,CatBoost_raw,0.007110762490523259,0.028099842078954336,0.9487139192540934,0.9956699201419699
copper_deficiency,CatBoost_calibrated,0.0072978803994640015,0.029268870387878905,0.9421657105271164,0.9950665483584739
copper_deficiency,Ensemble,0.00607723889563681,0.04356217491669474,0.9236068749730209,0.9721029281277729
inflammation_anemia,L1_raw,0.0034549736404845322,0.017279586067309633,0.9977706436668227,0.999801488833747
inflammation_anemia,L1_calibrated,0.0034289371927065477,0.012389129037383186,0.9973053492206718,0.9997617866004963
inflammation_anemia,CatBoost_raw,0.004312721901916097,0.01659970229338991,0.993790934246878,0.9993846153846154
inflammation_anemia,CatBoost_calibrated,0.004371171098855055,0.0166957654879985,0.9927789165365681,0.9992258064516129
inflammation_anemia,Ensemble,0.003201994414553993,0.012448807917262977,0.9959419363803692,0.9996029776674937
