target,fold,w_l1,w_cb,w_rule,brier,threshold,train_f1_at_threshold
iron_deficiency,1,0.4,0.6,0,0.008308961813320834,0.41000000000000025,0.9891540130151844
iron_deficiency,2,0.5,0.5,0,0.005232472302866495,0.40000000000000024,0.9934924078091106
iron_deficiency,3,0.4,0.6,0,0.008164476253117706,0.42000000000000026,0.9891540130151844
iron_deficiency,4,0.3,0.7,0,0.005797733930003783,0.4800000000000003,0.9934924078091106
iron_deficiency,5,0.4,0.6,0,0.005268283572455376,0.3300000000000002,0.9935205183585313
B12_deficiency,1,0.5,0.5,0,0.009697861040196466,0.6600000000000005,0.9767441860465116
B12_deficiency,2,0.4,0.6,0,0.01075443489947025,0.2600000000000001,0.9738562091503268
B12_deficiency,3,0.5,0.5,0,0.009793830937563858,0.30000000000000016,0.9802631578947368
B12_deficiency,4,0.5,0.5,0,0.012188773485359553,0.2600000000000001,0.9706840390879479
B12_deficiency,5,0.6,0.4,0,0.007856509115152278,0.23000000000000007,0.9836065573770492
folate_deficiency,1,0.3,0.7,0,0.04426319833704387,0.5100000000000003,0.8533333333333334
folate_deficiency,2,0.4,0.6,0,0.05017640388150168,0.4400000000000003,0.8225108225108225
folate_deficiency,3,0.5,0.5,0,0.04405697543342783,0.4500000000000003,0.8497854077253219
folate_deficiency,4,0.6,0.4,0,0.04021026679596308,0.3800000000000002,0.8630705394190872
folate_deficiency,5,0.5,0.5,0,0.05041394705584256,0.5600000000000004,0.8165137614678899
B6_deficiency,1,0.4,0.6,0,0.01174399134485266,0.6300000000000004,0.8571428571428571
B6_deficiency,2,0.3,0.7,0,0.012373256628052765,0.40000000000000024,0.8235294117647058
B6_deficiency,3,0.1,0.9,0,0.005592877956711794,0.2500000000000001,0.9285714285714286
B6_deficiency,4,0.2,0.8,0,0.010697066005341363,0.4500000000000003,0.8571428571428571
B6_deficiency,5,0.3,0.7,0,0.009346572358448596,0.7100000000000005,0.88
copper_deficiency,1,0.5,0.5,0,0.005838523530184393,0.18000000000000002,0.9310344827586207
copper_deficiency,2,1.0,0.0,0,0.002165294024439599,0.28000000000000014,0.9818181818181818
copper_deficiency,3,0.7,0.3,0,0.006279865671059285,0.40000000000000024,0.9259259259259259
copper_deficiency,4,0.6,0.4,0,0.0056474441428897805,0.15,0.9310344827586207
copper_deficiency,5,0.6,0.4,0,0.005230929175337173,0.16,0.9310344827586207
inflammation_anemia,1,0.6,0.4,0,0.0029766295344460813,0.3800000000000002,0.9807692307692307
inflammation_anemia,2,0.6,0.4,0,0.0028440997480789912,0.4900000000000003,0.9803921568627451
inflammation_anemia,3,0.9,0.1,0,0.0015399068841533048,0.20000000000000004,0.9902912621359223
inflammation_anemia,4,0.6,0.4,0,0.0018897055330035948,0.4900000000000003,0.9902912621359223
inflammation_anemia,5,0.6,0.4,0,0.003149750558398295,0.3700000000000002,0.9807692307692307
