target,model,positive_n,f1,precision,recall,balanced_accuracy,pr_auc,roc_auc,brier
B12_deficiency,L1,190,0.9685863874345549,0.9635416666666666,0.9736842105263158,0.9814574898785425,0.9939598530119407,0.9978785425101214,0.014622609308771281
B12_deficiency,CatBoost,190,0.9653333333333334,0.9783783783783784,0.9526315789473684,0.973238866396761,0.9930136550135151,0.9975546558704453,0.011715067023898912
B6_deficiency,CatBoost,35,0.8615384615384616,0.9333333333333333,0.8,0.8987577639751553,0.8787397034150465,0.9802307009760426,0.010691218721482982
B6_deficiency,L1,35,0.6818181818181818,0.5660377358490566,0.8571428571428571,0.9142857142857143,0.8208923378858316,0.9589707187222716,0.05210651857055151
copper_deficiency,L1,35,0.9041095890410958,0.868421052631579,0.9428571428571428,0.9683229813664596,0.9549854212965503,0.9801952085181899,0.01189333259355871
copper_deficiency,CatBoost,35,0.8955223880597015,0.9375,0.8571428571428571,0.9273291925465839,0.9487139192540934,0.9956699201419699,0.00711076249052326
folate_deficiency,CatBoost,155,0.8093645484949833,0.8402777777777778,0.7806451612903226,0.8735342594772781,0.9023556772212756,0.9661125500353192,0.05072497306321764
folate_deficiency,L1,155,0.7790697674418605,0.708994708994709,0.864516129032258,0.8921120791146692,0.8954751081523317,0.9631834235931245,0.07007577943793697
inflammation_anemia,L1,65,0.9767441860465116,0.984375,0.9692307692307692,0.983970223325062,0.9977706436668227,0.999801488833747,0.003454973640484533
inflammation_anemia,CatBoost,65,0.9612403100775194,0.96875,0.9538461538461539,0.9756327543424318,0.993790934246878,0.9993846153846154,0.004312721901916097
iron_deficiency,CatBoost,290,0.991304347826087,1.0,0.9827586206896551,0.9913793103448276,0.998323319265487,0.9989592476489028,0.007394494154059287
iron_deficiency,L1,290,0.9878682842287695,0.9930313588850174,0.9827586206896551,0.9895611285266457,0.9974291228648435,0.9981128526645768,0.009906419147247894
