target,fold,best_C
iron_deficiency,1,1.0
iron_deficiency,2,1.0
iron_deficiency,3,1.0
iron_deficiency,4,1.0
iron_deficiency,5,0.31622776601683794
B12_deficiency,1,0.31622776601683794
B12_deficiency,2,0.31622776601683794
B12_deficiency,3,0.31622776601683794
B12_deficiency,4,0.31622776601683794
B12_deficiency,5,0.31622776601683794
folate_deficiency,1,0.1
folate_deficiency,2,0.31622776601683794
folate_deficiency,3,0.31622776601683794
folate_deficiency,4,0.1
folate_deficiency,5,0.1
B6_deficiency,1,0.0031622776601683794
B6_deficiency,2,0.1
B6_deficiency,3,0.31622776601683794
B6_deficiency,4,0.03162277660168379
B6_deficiency,5,0.31622776601683794
copper_deficiency,1,0.03162277660168379
copper_deficiency,2,0.1
copper_deficiency,3,0.03162277660168379
copper_deficiency,4,1.0
copper_deficiency,5,1.0
inflammation_anemia,1,0.31622776601683794
inflammation_anemia,2,1.0
inflammation_anemia,3,1.0
inflammation_anemia,4,1.0
inflammation_anemia,5,0.31622776601683794
